"Nombre","Fecha","Tipo","Horario","FormatoImagen","FormatoIdioma","Cine"
"EL CUADRO ROBADO",2025-09-14,"SUB","15:10","2D","Subtitulado","Cines del Centro"
"EL CUADRO ROBADO",2025-09-15,"SUB","15:10","2D","Subtitulado","Cines del Centro"
"EL CUADRO ROBADO",2025-09-16,"SUB","15:10","2D","Subtitulado","Cines del Centro"
"EL CUADRO ROBADO",2025-09-17,"SUB","15:10","2D","Subtitulado","Cines del Centro"
"EL CUADRO ROBADO",2025-09-14,"SUB","17:10","2D","Subtitulado","Cines del Centro"
"EL CUADRO ROBADO",2025-09-15,"SUB","17:10","2D","Subtitulado","Cines del Centro"
"EL CUADRO ROBADO",2025-09-16,"SUB","17:10","2D","Subtitulado","Cines del Centro"
"EL CUADRO ROBADO",2025-09-17,"SUB","17:10","2D","Subtitulado","Cines del Centro"
"EL CUADRO ROBADO",2025-09-14,"SUB","19:30","2D","Subtitulado","Cines del Centro"
"EL CUADRO ROBADO",2025-09-15,"SUB","19:30","2D","Subtitulado","Cines del Centro"
"EL CUADRO ROBADO",2025-09-16,"SUB","19:30","2D","Subtitulado","Cines del Centro"
"EL CUADRO ROBADO",2025-09-17,"SUB","19:30","2D","Subtitulado","Cines del Centro"
"TOY STORY",2025-09-14,"CAST","15:20","2D","Español","Cines del Centro"
"TOY STORY",2025-09-15,"CAST","15:20","2D","Español","Cines del Centro"
"TOY STORY",2025-09-16,"CAST","15:20","2D","Español","Cines del Centro"
"TOY STORY",2025-09-17,"CAST","15:20","2D","Español","Cines del Centro"
"EL CONJURO 4: ÚLTIMO RITO",2025-09-14,"CAST","17:10","2D","Español","Cines del Centro"
"EL CONJURO 4: ÚLTIMO RITO",2025-09-15,"CAST","17:10","2D","Español","Cines del Centro"
"EL CONJURO 4: ÚLTIMO RITO",2025-09-16,"CAST","17:10","2D","Español","Cines del Centro"
"EL CONJURO 4: ÚLTIMO RITO",2025-09-17,"CAST","17:10","2D","Español","Cines del Centro"
"EL CONJURO 4: ÚLTIMO RITO",2025-09-14,"SUB","19:50","2D","Subtitulado","Cines del Centro"
"EL CONJURO 4: ÚLTIMO RITO",2025-09-15,"SUB","19:50","2D","Subtitulado","Cines del Centro"
"EL CONJURO 4: ÚLTIMO RITO",2025-09-16,"SUB","19:50","2D","Subtitulado","Cines del Centro"
"EL CONJURO 4: ÚLTIMO RITO",2025-09-17,"SUB","19:50","2D","Subtitulado","Cines del Centro"
"TOGETHER: JUNTOS
HASTA LA MUERTE",2025-09-14,"CAST","17:50","2D","Español","Cines del Centro"
"TOGETHER: JUNTOS
HASTA LA MUERTE",2025-09-15,"CAST","17:50","2D","Español","Cines del Centro"
"TOGETHER: JUNTOS
HASTA LA MUERTE",2025-09-16,"CAST","17:50","2D","Español","Cines del Centro"
"TOGETHER: JUNTOS
HASTA LA MUERTE",2025-09-17,"CAST","17:50","2D","Español","Cines del Centro"
"TOGETHER: JUNTOS
HASTA LA MUERTE",2025-09-14,"SUB","20:00","2D","Subtitulado","Cines del Centro"
"TOGETHER: JUNTOS
HASTA LA MUERTE",2025-09-15,"SUB","20:00","2D","Subtitulado","Cines del Centro"
"TOGETHER: JUNTOS
HASTA LA MUERTE",2025-09-16,"SUB","20:00","2D","Subtitulado","Cines del Centro"
"TOGETHER: JUNTOS
HASTA LA MUERTE",2025-09-17,"SUB","20:00","2D","Subtitulado","Cines del Centro"
"DEMON SLAYER:
KIMETSU NO YAIBA
CASTILLO INFINITO",2025-09-14,"SUB","14:50","2D","Subtitulado","Cines del Centro"
"DEMON SLAYER:
KIMETSU NO YAIBA
CASTILLO INFINITO",2025-09-15,"SUB","14:50","2D","Subtitulado","Cines del Centro"
"DEMON SLAYER:
KIMETSU NO YAIBA
CASTILLO INFINITO",2025-09-16,"SUB","14:50","2D","Subtitulado","Cines del Centro"
"DEMON SLAYER:
KIMETSU NO YAIBA
CASTILLO INFINITO",2025-09-17,"SUB","14:50","2D","Subtitulado","Cines del Centro"
"HOMO ARGENTUM",2025-09-14,"CAST","15:00","2D","Español","Cines del Centro"
"HOMO ARGENTUM",2025-09-15,"CAST","15:00","2D","Español","Cines del Centro"
"HOMO ARGENTUM",2025-09-16,"CAST","15:00","2D","Español","Cines del Centro"
"HOMO ARGENTUM",2025-09-17,"CAST","15:00","2D","Español","Cines del Centro"
"HOMO ARGENTUM",2025-09-14,"CAST","17:30","2D","Español","Cines del Centro"
"HOMO ARGENTUM",2025-09-15,"CAST","17:30","2D","Español","Cines del Centro"
"HOMO ARGENTUM",2025-09-16,"CAST","17:30","2D","Español","Cines del Centro"
"HOMO ARGENTUM",2025-09-17,"CAST","17:30","2D","Español","Cines del Centro"
"HOMO ARGENTUM",2025-09-14,"CAST","19:40","2D","Español","Cines del Centro"
"HOMO ARGENTUM",2025-09-15,"CAST","19:40","2D","Español","Cines del Centro"
"HOMO ARGENTUM",2025-09-16,"CAST","19:40","2D","Español","Cines del Centro"
"HOMO ARGENTUM",2025-09-17,"CAST","19:40","2D","Español","Cines del Centro"
"EL CONJURO 4: ULTIMOS RITOS",2025-09-15,"2D CASTELLANO","15:15","2D","Español","Cinemark Hoyts"
"EL CONJURO 4: ULTIMOS RITOS",2025-09-15,"2D CASTELLANO","16:30","2D","Español","Cinemark Hoyts"
"EL CONJURO 4: ULTIMOS RITOS",2025-09-15,"2D CASTELLANO","18:20","2D","Español","Cinemark Hoyts"
"EL CONJURO 4: ULTIMOS RITOS",2025-09-15,"2D CASTELLANO","19:30","2D","Español","Cinemark Hoyts"
"EL CONJURO 4: ULTIMOS RITOS",2025-09-15,"2D CASTELLANO","21:30","2D","Español","Cinemark Hoyts"
"EL CONJURO 4: ULTIMOS RITOS",2025-09-15,"2D CASTELLANO","16:30","2D","Español","Cinemark Hoyts"
"EL CONJURO 4: ULTIMOS RITOS",2025-09-15,"2D CASTELLANO","19:30","2D","Español","Cinemark Hoyts"
"EL CONJURO 4: ULTIMOS RITOS",2025-09-15,"2D CASTELLANO","22:30","2D","Español","Cinemark Hoyts"
"EL CONJURO 4: ULTIMOS RITOS",2025-09-15,"2D SUBTITULADA","20:05","2D","Subtitulado","Cinemark Hoyts"
"EL CONJURO 4: ULTIMOS RITOS",2025-09-15,"2D SUBTITULADA","23:00","2D","Subtitulado","Cinemark Hoyts"
"EL CONJURO 4: ULTIMOS RITOS",2025-09-16,"2D CASTELLANO","15:15","2D","Español","Cinemark Hoyts"
"EL CONJURO 4: ULTIMOS RITOS",2025-09-16,"2D CASTELLANO","16:30","2D","Español","Cinemark Hoyts"
"EL CONJURO 4: ULTIMOS RITOS",2025-09-16,"2D CASTELLANO","18:20","2D","Español","Cinemark Hoyts"
"EL CONJURO 4: ULTIMOS RITOS",2025-09-16,"2D CASTELLANO","19:30","2D","Español","Cinemark Hoyts"
"EL CONJURO 4: ULTIMOS RITOS",2025-09-16,"2D CASTELLANO","21:30","2D","Español","Cinemark Hoyts"
"EL CONJURO 4: ULTIMOS RITOS",2025-09-16,"2D CASTELLANO","16:30","2D","Español","Cinemark Hoyts"
"EL CONJURO 4: ULTIMOS RITOS",2025-09-16,"2D CASTELLANO","19:30","2D","Español","Cinemark Hoyts"
"EL CONJURO 4: ULTIMOS RITOS",2025-09-16,"2D CASTELLANO","22:30","2D","Español","Cinemark Hoyts"
"EL CONJURO 4: ULTIMOS RITOS",2025-09-16,"2D SUBTITULADA","20:05","2D","Subtitulado","Cinemark Hoyts"
"EL CONJURO 4: ULTIMOS RITOS",2025-09-16,"2D SUBTITULADA","23:00","2D","Subtitulado","Cinemark Hoyts"
"EL CONJURO 4: ULTIMOS RITOS",2025-09-17,"2D CASTELLANO","15:15","2D","Español","Cinemark Hoyts"
"EL CONJURO 4: ULTIMOS RITOS",2025-09-17,"2D CASTELLANO","16:30","2D","Español","Cinemark Hoyts"
"EL CONJURO 4: ULTIMOS RITOS",2025-09-17,"2D CASTELLANO","18:20","2D","Español","Cinemark Hoyts"
"EL CONJURO 4: ULTIMOS RITOS",2025-09-17,"2D CASTELLANO","19:30","2D","Español","Cinemark Hoyts"
"EL CONJURO 4: ULTIMOS RITOS",2025-09-17,"2D CASTELLANO","21:30","2D","Español","Cinemark Hoyts"
"EL CONJURO 4: ULTIMOS RITOS",2025-09-17,"2D CASTELLANO","16:30","2D","Español","Cinemark Hoyts"
"EL CONJURO 4: ULTIMOS RITOS",2025-09-17,"2D CASTELLANO","19:30","2D","Español","Cinemark Hoyts"
"EL CONJURO 4: ULTIMOS RITOS",2025-09-17,"2D CASTELLANO","22:30","2D","Español","Cinemark Hoyts"
"EL CONJURO 4: ULTIMOS RITOS",2025-09-17,"2D SUBTITULADA","20:05","2D","Subtitulado","Cinemark Hoyts"
"EL CONJURO 4: ULTIMOS RITOS",2025-09-17,"2D SUBTITULADA","23:00","2D","Subtitulado","Cinemark Hoyts"
"DEMON SLAYER: CASTILLO INFINITO",2025-09-15,"2D CASTELLANO","15:10","2D","Español","Cinemark Hoyts"
"DEMON SLAYER: CASTILLO INFINITO",2025-09-15,"2D CASTELLANO","19:05","2D","Español","Cinemark Hoyts"
"DEMON SLAYER: CASTILLO INFINITO",2025-09-15,"2D CASTELLANO","21:45","2D","Español","Cinemark Hoyts"
"DEMON SLAYER: CASTILLO INFINITO",2025-09-15,"2D SUBTITULADA","15:50","2D","Subtitulado","Cinemark Hoyts"
"DEMON SLAYER: CASTILLO INFINITO",2025-09-15,"2D SUBTITULADA","22:20","2D","Subtitulado","Cinemark Hoyts"
"DEMON SLAYER: CASTILLO INFINITO",2025-09-15,"2D SUBTITULADA","15:50","2D","Subtitulado","Cinemark Hoyts"
"DEMON SLAYER: CASTILLO INFINITO",2025-09-15,"2D SUBTITULADA","18:30","2D","Subtitulado","Cinemark Hoyts"
"DEMON SLAYER: CASTILLO INFINITO",2025-09-15,"2D SUBTITULADA","22:20","2D","Subtitulado","Cinemark Hoyts"
"DEMON SLAYER: CASTILLO INFINITO",2025-09-15,"2D CASTELLANO","19:05","2D","Español","Cinemark Hoyts"
"DEMON SLAYER: CASTILLO INFINITO",2025-09-16,"2D CASTELLANO","15:10","2D","Español","Cinemark Hoyts"
"DEMON SLAYER: CASTILLO INFINITO",2025-09-16,"2D CASTELLANO","19:05","2D","Español","Cinemark Hoyts"
"DEMON SLAYER: CASTILLO INFINITO",2025-09-16,"2D CASTELLANO","21:45","2D","Español","Cinemark Hoyts"
"DEMON SLAYER: CASTILLO INFINITO",2025-09-16,"2D SUBTITULADA","15:50","2D","Subtitulado","Cinemark Hoyts"
"DEMON SLAYER: CASTILLO INFINITO",2025-09-16,"2D SUBTITULADA","22:20","2D","Subtitulado","Cinemark Hoyts"
"DEMON SLAYER: CASTILLO INFINITO",2025-09-16,"2D SUBTITULADA","15:50","2D","Subtitulado","Cinemark Hoyts"
"DEMON SLAYER: CASTILLO INFINITO",2025-09-16,"2D SUBTITULADA","18:30","2D","Subtitulado","Cinemark Hoyts"
"DEMON SLAYER: CASTILLO INFINITO",2025-09-16,"2D SUBTITULADA","22:20","2D","Subtitulado","Cinemark Hoyts"
"DEMON SLAYER: CASTILLO INFINITO",2025-09-16,"2D CASTELLANO","19:05","2D","Español","Cinemark Hoyts"
"DEMON SLAYER: CASTILLO INFINITO",2025-09-17,"2D CASTELLANO","15:10","2D","Español","Cinemark Hoyts"
"DEMON SLAYER: CASTILLO INFINITO",2025-09-17,"2D CASTELLANO","19:05","2D","Español","Cinemark Hoyts"
"DEMON SLAYER: CASTILLO INFINITO",2025-09-17,"2D CASTELLANO","21:45","2D","Español","Cinemark Hoyts"
"DEMON SLAYER: CASTILLO INFINITO",2025-09-17,"2D SUBTITULADA","15:50","2D","Subtitulado","Cinemark Hoyts"
"DEMON SLAYER: CASTILLO INFINITO",2025-09-17,"2D SUBTITULADA","22:20","2D","Subtitulado","Cinemark Hoyts"
"DEMON SLAYER: CASTILLO INFINITO",2025-09-17,"2D SUBTITULADA","15:50","2D","Subtitulado","Cinemark Hoyts"
"DEMON SLAYER: CASTILLO INFINITO",2025-09-17,"2D SUBTITULADA","18:30","2D","Subtitulado","Cinemark Hoyts"
"DEMON SLAYER: CASTILLO INFINITO",2025-09-17,"2D SUBTITULADA","22:20","2D","Subtitulado","Cinemark Hoyts"
"DEMON SLAYER: CASTILLO INFINITO",2025-09-17,"2D CASTELLANO","19:05","2D","Español","Cinemark Hoyts"
"HOMO ARGENTUM",2025-09-15,"2D CASTELLANO","15:10","2D","Español","Cinemark Hoyts"
"HOMO ARGENTUM",2025-09-15,"2D CASTELLANO","17:30","2D","Español","Cinemark Hoyts"
"HOMO ARGENTUM",2025-09-15,"2D CASTELLANO","19:50","2D","Español","Cinemark Hoyts"
"HOMO ARGENTUM",2025-09-15,"2D CASTELLANO","22:10","2D","Español","Cinemark Hoyts"
"HOMO ARGENTUM",2025-09-16,"2D CASTELLANO","15:10","2D","Español","Cinemark Hoyts"
"HOMO ARGENTUM",2025-09-16,"2D CASTELLANO","17:30","2D","Español","Cinemark Hoyts"
"HOMO ARGENTUM",2025-09-16,"2D CASTELLANO","19:50","2D","Español","Cinemark Hoyts"
"HOMO ARGENTUM",2025-09-16,"2D CASTELLANO","22:10","2D","Español","Cinemark Hoyts"
"HOMO ARGENTUM",2025-09-17,"2D CASTELLANO","15:10","2D","Español","Cinemark Hoyts"
"HOMO ARGENTUM",2025-09-17,"2D CASTELLANO","17:25","2D","Español","Cinemark Hoyts"
"HOMO ARGENTUM",2025-09-17,"2D CASTELLANO","19:40","2D","Español","Cinemark Hoyts"
"TOY STORY 30 ANIVERSARIO",2025-09-15,"2D CASTELLANO","15:30","2D","Español","Cinemark Hoyts"
"TOY STORY 30 ANIVERSARIO",2025-09-15,"2D CASTELLANO","18:00","2D","Español","Cinemark Hoyts"
"TOY STORY 30 ANIVERSARIO",2025-09-16,"2D CASTELLANO","15:30","2D","Español","Cinemark Hoyts"
"TOY STORY 30 ANIVERSARIO",2025-09-16,"2D CASTELLANO","18:00","2D","Español","Cinemark Hoyts"
"TOY STORY 30 ANIVERSARIO",2025-09-17,"2D CASTELLANO","15:30","2D","Español","Cinemark Hoyts"
"TOY STORY 30 ANIVERSARIO",2025-09-17,"2D CASTELLANO","18:00","2D","Español","Cinemark Hoyts"
"DAVID GILMOUR LIVE AT THE CIRCUS MAXIMUS",2025-09-17,"2D SUBTITULADA","22:00","2D","Subtitulado","Cinemark Hoyts"
"DAVID GILMOUR LIVE AT THE CIRCUS MAXIMUS",2025-09-21,"2D SUBTITULADA","22:00","2D","Subtitulado","Cinemark Hoyts"
"UNA VELADA CON DUA LIPA",2025-09-18,"2D SUBTITULADA","22:00","2D","Subtitulado","Cinemark Hoyts"
"UNA VELADA CON DUA LIPA",2025-09-19,"2D SUBTITULADA","22:00","2D","Subtitulado","Cinemark Hoyts"
"BTS 2016 LIVE THE MOST BEAUTIFUL MOMENT",2025-09-24,"2D SUBTITULADA","22:00","2D","Subtitulado","Cinemark Hoyts"
"BTS 2016 LIVE THE MOST BEAUTIFUL MOMENT",2025-09-26,"2D SUBTITULADA","22:00","2D","Subtitulado","Cinemark Hoyts"
"BTS 2016 LIVE THE MOST BEAUTIFUL MOMENT",2025-09-28,"2D SUBTITULADA","14:10","2D","Subtitulado","Cinemark Hoyts"
"BTS 2017 LIVE TRILOGY EPISODE III",2025-09-25,"2D SUBTITULADA","22:00","2D","Subtitulado","Cinemark Hoyts"
"BTS 2017 LIVE TRILOGY EPISODE III",2025-09-27,"2D SUBTITULADA","22:00","2D","Subtitulado","Cinemark Hoyts"
"BTS 2017 LIVE TRILOGY EPISODE III",2025-09-28,"2D SUBTITULADA","16:40","2D","Subtitulado","Cinemark Hoyts"
"BTS 2019 WORLD TOUR LOVE YOURSELF",2025-10-09,"2D SUBTITULADA","22:00","2D","Subtitulado","Cinemark Hoyts"
"BTS 2019 WORLD TOUR LOVE YOURSELF",2025-10-11,"2D SUBTITULADA","22:00","2D","Subtitulado","Cinemark Hoyts"
"BTS 2019 WORLD TOUR LOVE YOURSELF",2025-10-12,"2D SUBTITULADA","14:10","2D","Subtitulado","Cinemark Hoyts"
"BTS 2021 MUSTER SOWOOZOO",2025-10-10,"2D SUBTITULADA","22:00","2D","Subtitulado","Cinemark Hoyts"
"BTS 2021 MUSTER SOWOOZOO",2025-10-12,"2D SUBTITULADA","16:40","2D","Subtitulado","Cinemark Hoyts"
"BTS 2021 MUSTER SOWOOZOO",2025-10-12,"2D SUBTITULADA","22:00","2D","Subtitulado","Cinemark Hoyts"
"PARANORMAN 15 ANIVERSARIO",2025-10-23,"2D CASTELLANO","18:00","2D","Español","Cinemark Hoyts"
"PARANORMAN 15 ANIVERSARIO",2025-10-24,"2D CASTELLANO","18:00","2D","Español","Cinemark Hoyts"
"PARANORMAN 15 ANIVERSARIO",2025-10-24,"3D CASTELLANO","15:35","3D","Español","Cinemark Hoyts"
"PARANORMAN 15 ANIVERSARIO",2025-10-25,"2D CASTELLANO","18:00","2D","Español","Cinemark Hoyts"
"PARANORMAN 15 ANIVERSARIO",2025-10-25,"3D CASTELLANO","15:35","3D","Español","Cinemark Hoyts"
"PARANORMAN 15 ANIVERSARIO",2025-10-26,"2D CASTELLANO","18:00","2D","Español","Cinemark Hoyts"
"PARANORMAN 15 ANIVERSARIO",2025-10-26,"3D CASTELLANO","15:35","3D","Español","Cinemark Hoyts"
"PARANORMAN 15 ANIVERSARIO",2025-10-27,"2D CASTELLANO","18:00","2D","Español","Cinemark Hoyts"
"PARANORMAN 15 ANIVERSARIO",2025-10-27,"3D CASTELLANO","15:35","3D","Español","Cinemark Hoyts"
"PARANORMAN 15 ANIVERSARIO",2025-10-28,"2D CASTELLANO","18:00","2D","Español","Cinemark Hoyts"
"PARANORMAN 15 ANIVERSARIO",2025-10-28,"3D CASTELLANO","15:35","3D","Español","Cinemark Hoyts"
"PARANORMAN 15 ANIVERSARIO",2025-10-29,"2D CASTELLANO","18:00","2D","Español","Cinemark Hoyts"
"PARANORMAN 15 ANIVERSARIO",2025-10-29,"3D CASTELLANO","15:35","3D","Español","Cinemark Hoyts"
"El Conjuro 4: Últimos Ritos",2025-09-15,"CLASSIC • 2D • ESPAÑOL","16:00","2D","ESPAÑOL","Cinépolis"
"El Conjuro 4: Últimos Ritos",2025-09-15,"CLASSIC • 2D • ESPAÑOL","16:30","2D","ESPAÑOL","Cinépolis"
"El Conjuro 4: Últimos Ritos",2025-09-15,"CLASSIC • 2D • ESPAÑOL","17:00","2D","ESPAÑOL","Cinépolis"
"El Conjuro 4: Últimos Ritos",2025-09-15,"CLASSIC • 2D • ESPAÑOL","18:30","2D","ESPAÑOL","Cinépolis"
"El Conjuro 4: Últimos Ritos",2025-09-15,"CLASSIC • 2D • ESPAÑOL","19:00","2D","ESPAÑOL","Cinépolis"
"El Conjuro 4: Últimos Ritos",2025-09-15,"CLASSIC • 2D • ESPAÑOL","19:50","2D","ESPAÑOL","Cinépolis"
"El Conjuro 4: Últimos Ritos",2025-09-15,"CLASSIC • 2D • ESPAÑOL","21:30","2D","ESPAÑOL","Cinépolis"
"El Conjuro 4: Últimos Ritos",2025-09-15,"CLASSIC • 2D • ESPAÑOL","22:00","2D","ESPAÑOL","Cinépolis"
"El Conjuro 4: Últimos Ritos",2025-09-15,"CLASSIC • 2D • ESPAÑOL","22:50","2D","ESPAÑOL","Cinépolis"
"El Conjuro 4: Últimos Ritos",2025-09-15,"CLASSIC • 2D • SUBTITULADO","19:30","2D","SUBTITULADO","Cinépolis"
"El Conjuro 4: Últimos Ritos",2025-09-15,"CLASSIC • 2D • SUBTITULADO","22:30","2D","SUBTITULADO","Cinépolis"
"El Conjuro 4: Últimos Ritos",2025-09-15,"4D • 2D • ESPAÑOL","22:40","2D","ESPAÑOL","Cinépolis"
"El Conjuro 4: Últimos Ritos",2025-09-16,"CLASSIC • 2D • ESPAÑOL","16:00","2D","ESPAÑOL","Cinépolis"
"El Conjuro 4: Últimos Ritos",2025-09-16,"CLASSIC • 2D • ESPAÑOL","16:30","2D","ESPAÑOL","Cinépolis"
"El Conjuro 4: Últimos Ritos",2025-09-16,"CLASSIC • 2D • ESPAÑOL","17:00","2D","ESPAÑOL","Cinépolis"
"El Conjuro 4: Últimos Ritos",2025-09-16,"CLASSIC • 2D • ESPAÑOL","18:30","2D","ESPAÑOL","Cinépolis"
"El Conjuro 4: Últimos Ritos",2025-09-16,"CLASSIC • 2D • ESPAÑOL","19:00","2D","ESPAÑOL","Cinépolis"
"El Conjuro 4: Últimos Ritos",2025-09-16,"CLASSIC • 2D • ESPAÑOL","19:50","2D","ESPAÑOL","Cinépolis"
"El Conjuro 4: Últimos Ritos",2025-09-16,"CLASSIC • 2D • ESPAÑOL","21:30","2D","ESPAÑOL","Cinépolis"
"El Conjuro 4: Últimos Ritos",2025-09-16,"CLASSIC • 2D • ESPAÑOL","22:00","2D","ESPAÑOL","Cinépolis"
"El Conjuro 4: Últimos Ritos",2025-09-16,"CLASSIC • 2D • ESPAÑOL","22:50","2D","ESPAÑOL","Cinépolis"
"El Conjuro 4: Últimos Ritos",2025-09-16,"CLASSIC • 2D • SUBTITULADO","19:30","2D","SUBTITULADO","Cinépolis"
"El Conjuro 4: Últimos Ritos",2025-09-16,"CLASSIC • 2D • SUBTITULADO","22:30","2D","SUBTITULADO","Cinépolis"
"El Conjuro 4: Últimos Ritos",2025-09-16,"4D • 2D • ESPAÑOL","22:40","2D","ESPAÑOL","Cinépolis"
"El Conjuro 4: Últimos Ritos",2025-09-17,"CLASSIC • 2D • ESPAÑOL","16:00","2D","ESPAÑOL","Cinépolis"
"El Conjuro 4: Últimos Ritos",2025-09-17,"CLASSIC • 2D • ESPAÑOL","16:30","2D","ESPAÑOL","Cinépolis"
"El Conjuro 4: Últimos Ritos",2025-09-17,"CLASSIC • 2D • ESPAÑOL","17:00","2D","ESPAÑOL","Cinépolis"
"El Conjuro 4: Últimos Ritos",2025-09-17,"CLASSIC • 2D • ESPAÑOL","18:30","2D","ESPAÑOL","Cinépolis"
"El Conjuro 4: Últimos Ritos",2025-09-17,"CLASSIC • 2D • ESPAÑOL","19:00","2D","ESPAÑOL","Cinépolis"
"El Conjuro 4: Últimos Ritos",2025-09-17,"CLASSIC • 2D • ESPAÑOL","19:50","2D","ESPAÑOL","Cinépolis"
"El Conjuro 4: Últimos Ritos",2025-09-17,"CLASSIC • 2D • ESPAÑOL","21:30","2D","ESPAÑOL","Cinépolis"
"El Conjuro 4: Últimos Ritos",2025-09-17,"CLASSIC • 2D • ESPAÑOL","22:00","2D","ESPAÑOL","Cinépolis"
"El Conjuro 4: Últimos Ritos",2025-09-17,"CLASSIC • 2D • ESPAÑOL","22:50","2D","ESPAÑOL","Cinépolis"
"El Conjuro 4: Últimos Ritos",2025-09-17,"CLASSIC • 2D • SUBTITULADO","19:30","2D","SUBTITULADO","Cinépolis"
"El Conjuro 4: Últimos Ritos",2025-09-17,"CLASSIC • 2D • SUBTITULADO","22:30","2D","SUBTITULADO","Cinépolis"
"El Conjuro 4: Últimos Ritos",2025-09-17,"4D • 2D • ESPAÑOL","22:40","2D","ESPAÑOL","Cinépolis"
"Demon Slayer Kimetsu no Yaiba Castillo Infinito",2025-09-15,"CLASSIC • 2D • ESPAÑOL","16:00","2D","ESPAÑOL","Cinépolis"
"Demon Slayer Kimetsu no Yaiba Castillo Infinito",2025-09-15,"CLASSIC • 2D • SUBTITULADO","19:15","2D","SUBTITULADO","Cinépolis"
"Demon Slayer Kimetsu no Yaiba Castillo Infinito",2025-09-15,"CLASSIC • 2D • SUBTITULADO","22:30","2D","SUBTITULADO","Cinépolis"
"Demon Slayer Kimetsu no Yaiba Castillo Infinito",2025-09-15,"4D • 2D • ESPAÑOL","19:30","2D","ESPAÑOL","Cinépolis"
"Demon Slayer Kimetsu no Yaiba Castillo Infinito",2025-09-16,"CLASSIC • 2D • ESPAÑOL","16:00","2D","ESPAÑOL","Cinépolis"
"Demon Slayer Kimetsu no Yaiba Castillo Infinito",2025-09-16,"CLASSIC • 2D • SUBTITULADO","19:15","2D","SUBTITULADO","Cinépolis"
"Demon Slayer Kimetsu no Yaiba Castillo Infinito",2025-09-16,"CLASSIC • 2D • SUBTITULADO","22:30","2D","SUBTITULADO","Cinépolis"
"Demon Slayer Kimetsu no Yaiba Castillo Infinito",2025-09-16,"4D • 2D • ESPAÑOL","19:30","2D","ESPAÑOL","Cinépolis"
"Demon Slayer Kimetsu no Yaiba Castillo Infinito",2025-09-17,"CLASSIC • 2D • ESPAÑOL","16:00","2D","ESPAÑOL","Cinépolis"
"Demon Slayer Kimetsu no Yaiba Castillo Infinito",2025-09-17,"CLASSIC • 2D • SUBTITULADO","19:15","2D","SUBTITULADO","Cinépolis"
"Demon Slayer Kimetsu no Yaiba Castillo Infinito",2025-09-17,"CLASSIC • 2D • SUBTITULADO","22:30","2D","SUBTITULADO","Cinépolis"
"Demon Slayer Kimetsu no Yaiba Castillo Infinito",2025-09-17,"4D • 2D • ESPAÑOL","19:30","2D","ESPAÑOL","Cinépolis"
"Toy Story",2025-09-15,"4D • 2D • ESPAÑOL","17:10","2D","ESPAÑOL","Cinépolis"
"Toy Story",2025-09-15,"CLASSIC • 2D • ESPAÑOL","18:00","2D","ESPAÑOL","Cinépolis"
"Toy Story",2025-09-16,"4D • 2D • ESPAÑOL","17:10","2D","ESPAÑOL","Cinépolis"
"Toy Story",2025-09-16,"CLASSIC • 2D • ESPAÑOL","18:00","2D","ESPAÑOL","Cinépolis"
"Toy Story",2025-09-17,"4D • 2D • ESPAÑOL","17:10","2D","ESPAÑOL","Cinépolis"
"Toy Story",2025-09-17,"CLASSIC • 2D • ESPAÑOL","18:00","2D","ESPAÑOL","Cinépolis"
"Together: Juntos hasta la muerte",2025-09-15,"CLASSIC • 2D • ESPAÑOL","20:00","2D","ESPAÑOL","Cinépolis"
"Together: Juntos hasta la muerte",2025-09-15,"CLASSIC • 2D • ESPAÑOL","22:20","2D","ESPAÑOL","Cinépolis"
"Together: Juntos hasta la muerte",2025-09-16,"CLASSIC • 2D • ESPAÑOL","20:00","2D","ESPAÑOL","Cinépolis"
"Together: Juntos hasta la muerte",2025-09-16,"CLASSIC • 2D • SUBTITULADO","22:20","2D","SUBTITULADO","Cinépolis"
"Together: Juntos hasta la muerte",2025-09-17,"CLASSIC • 2D • ESPAÑOL","22:20","2D","ESPAÑOL","Cinépolis"
"200% Lobo",2025-09-15,"CLASSIC • 2D • ESPAÑOL","17:40","2D","ESPAÑOL","Cinépolis"
"200% Lobo",2025-09-16,"CLASSIC • 2D • ESPAÑOL","17:40","2D","ESPAÑOL","Cinépolis"
"200% Lobo",2025-09-17,"CLASSIC • 2D • ESPAÑOL","17:40","2D","ESPAÑOL","Cinépolis"
"David Gilmour Live at the Circus Maximus, Rome",2025-09-17,"CLASSIC • 2D • SUBTITULADO","20:00","2D","SUBTITULADO","Cinépolis"
"David Gilmour Live at the Circus Maximus, Rome",2025-09-21,"CLASSIC • 2D • SUBTITULADO","16:00","2D","SUBTITULADO","Cinépolis"
"Homo Argentum",2025-09-15,"CLASSIC • 2D • ESPAÑOL","20:00","2D","ESPAÑOL","Cinépolis"
"Homo Argentum",2025-09-15,"CLASSIC • 2D • ESPAÑOL","22:15","2D","ESPAÑOL","Cinépolis"
"Homo Argentum",2025-09-16,"CLASSIC • 2D • ESPAÑOL","20:00","2D","ESPAÑOL","Cinépolis"
"Homo Argentum",2025-09-16,"CLASSIC • 2D • ESPAÑOL","22:15","2D","ESPAÑOL","Cinépolis"
"Homo Argentum",2025-09-17,"CLASSIC • 2D • ESPAÑOL","20:00","2D","ESPAÑOL","Cinépolis"
"Homo Argentum",2025-09-17,"CLASSIC • 2D • ESPAÑOL","22:15","2D","ESPAÑOL","Cinépolis"
"BTS 2016 Live The Most Beautiful Moment in Life On Stage: Epilogue Remastered",2025-09-24,"CLASSIC • 2D • SUBTITULADO","19:30","2D","SUBTITULADO","Cinépolis"
"BTS 2016 Live The Most Beautiful Moment in Life On Stage: Epilogue Remastered",2025-09-28,"CLASSIC • 2D • SUBTITULADO","14:30","2D","SUBTITULADO","Cinépolis"
"BTS 2017 Live Trilogy EPISODE III THE WINGS TOUR THE FINAL Remastered",2025-09-25,"CLASSIC • 2D • SUBTITULADO","19:30","2D","SUBTITULADO","Cinépolis"
"BTS 2017 Live Trilogy EPISODE III THE WINGS TOUR THE FINAL Remastered",2025-09-28,"CLASSIC • 2D • SUBTITULADO","17:00","2D","SUBTITULADO","Cinépolis"
"BTS 2019 WORLD TOUR ‘LOVE YOURSELF: SPEAK YOURSELF’ LONDON Remastered",2025-10-09,"CLASSIC • 2D • SUBTITULADO","19:30","2D","SUBTITULADO","Cinépolis"
"BTS 2019 WORLD TOUR ‘LOVE YOURSELF: SPEAK YOURSELF’ LONDON Remastered",2025-10-12,"CLASSIC • 2D • SUBTITULADO","14:30","2D","SUBTITULADO","Cinépolis"
"BTS 2021 MUSTER SOWOOZOO Remastered",2025-10-10,"CLASSIC • 2D • SUBTITULADO","19:30","2D","SUBTITULADO","Cinépolis"
"BTS 2021 MUSTER SOWOOZOO Remastered",2025-10-12,"CLASSIC • 2D • SUBTITULADO","17:00","2D","SUBTITULADO","Cinépolis"
"Una velada con Dua Lipa",2025-09-18,"CLASSIC • 2D • SUBTITULADO","22:00","2D","SUBTITULADO","Cinépolis"
"Una velada con Dua Lipa",2025-09-19,"CLASSIC • 2D • SUBTITULADO","22:00","2D","SUBTITULADO","Cinépolis"
"Mascotas al rescate",2025-09-15,"CLASSIC • 2D • ESPAÑOL","16:00","2D","ESPAÑOL","Cinépolis"
"Mascotas al rescate",2025-09-16,"CLASSIC • 2D • ESPAÑOL","16:00","2D","ESPAÑOL","Cinépolis"
"Mascotas al rescate",2025-09-17,"CLASSIC • 2D • ESPAÑOL","16:00","2D","ESPAÑOL","Cinépolis"
"Los tipos malos 2",2025-09-15,"CLASSIC • 2D • ESPAÑOL","16:10","2D","ESPAÑOL","Cinépolis"
"Los tipos malos 2",2025-09-16,"CLASSIC • 2D • ESPAÑOL","16:10","2D","ESPAÑOL","Cinépolis"
"Los tipos malos 2",2025-09-17,"CLASSIC • 2D • ESPAÑOL","16:10","2D","ESPAÑOL","Cinépolis"
"Belén",2025-09-18,"CLASSIC • 2D • ESPAÑOL","21:30","2D","ESPAÑOL","Cinépolis"
"Belén",2025-09-19,"CLASSIC • 2D • ESPAÑOL","21:30","2D","ESPAÑOL","Cinépolis"
"Belén",2025-09-20,"CLASSIC • 2D • ESPAÑOL","21:30","2D","ESPAÑOL","Cinépolis"
"Belén",2025-09-21,"CLASSIC • 2D • ESPAÑOL","21:30","2D","ESPAÑOL","Cinépolis"
"Belén",2025-09-22,"CLASSIC • 2D • ESPAÑOL","21:30","2D","ESPAÑOL","Cinépolis"
"Belén",2025-09-23,"CLASSIC • 2D • ESPAÑOL","21:30","2D","ESPAÑOL","Cinépolis"
"Belén",2025-09-24,"CLASSIC • 2D • ESPAÑOL","21:30","2D","ESPAÑOL","Cinépolis"
"HOMO ARGENTUM",2025-09-14,"doblada","19:40","2D","Español","Monumental"
"HOMO ARGENTUM",2025-09-14,"doblada","21:45","2D","Español","Monumental"
"DEMON SLAYER CASTILLO INFINITO",2025-09-14,"subtitulada","20:30","2D","Subtitulado","Monumental"
"EL CONJURO 4 : ULTIMOS RITOS",2025-09-14,"doblada","20:40","2D","Español","Monumental"
"EL CONJURO 4 : ULTIMOS RITOS",2025-09-14,"doblada","22:05","2D","Español","Monumental"
"LA MUJER DE LA FILA",2025-09-14,"doblada","21:00","2D","Español","Monumental"
"TOGETHER : JUNTOS HASTA LA MUERTE",2025-09-14,"doblada","22:00","2D","Español","Monumental"
"MASCOTAS AL RESCATE",2025-09-15,"doblada","15:15","2D","Español","Monumental"
"LOS TIPOS MALOS 2",2025-09-15,"doblada","16:00","2D","Español","Monumental"
"LOS 4 FANTASTICOS",2025-09-15,"doblada","14:30","2D","Español","Monumental"
"HOMO ARGENTUM",2025-09-15,"doblada","15:20","2D","Español","Monumental"
"HOMO ARGENTUM",2025-09-15,"doblada","17:30","2D","Español","Monumental"
"HOMO ARGENTUM",2025-09-15,"doblada","19:40","2D","Español","Monumental"
"HOMO ARGENTUM",2025-09-15,"doblada","21:45","2D","Español","Monumental"
"TOY STORY 1995 ( RE ESTRENO )",2025-09-15,"doblada","17:20","2D","Español","Monumental"
"DEMON SLAYER CASTILLO INFINITO",2025-09-15,"doblada","14:15","2D","Español","Monumental"
"DEMON SLAYER CASTILLO INFINITO",2025-09-15,"subtitulada","17:20","2D","Subtitulado","Monumental"
"DEMON SLAYER CASTILLO INFINITO",2025-09-15,"doblada","19:00","2D","Español","Monumental"
"DEMON SLAYER CASTILLO INFINITO",2025-09-15,"subtitulada","20:30","2D","Subtitulado","Monumental"
"200 % LOBO",2025-09-15,"doblada","16:50","2D","Español","Monumental"
"OTRO VIERNES DE LOCOS",2025-09-15,"doblada","18:30","2D","Español","Monumental"
"EL CONJURO 4 : ULTIMOS RITOS",2025-09-15,"doblada","15:00","2D","Español","Monumental"
"EL CONJURO 4 : ULTIMOS RITOS",2025-09-15,"doblada","17:50","2D","Español","Monumental"
"EL CONJURO 4 : ULTIMOS RITOS",2025-09-15,"doblada","19:10","2D","Español","Monumental"
"EL CONJURO 4 : ULTIMOS RITOS",2025-09-15,"doblada","20:40","2D","Español","Monumental"
"EL CONJURO 4 : ULTIMOS RITOS",2025-09-15,"doblada","22:05","2D","Español","Monumental"
"LA MUJER DE LA FILA",2025-09-15,"doblada","21:00","2D","Español","Monumental"
"TOGETHER : JUNTOS HASTA LA MUERTE",2025-09-15,"doblada","22:00","2D","Español","Monumental"
"MASCOTAS AL RESCATE",2025-09-16,"doblada","15:15","2D","Español","Monumental"
"LOS TIPOS MALOS 2",2025-09-16,"doblada","16:00","2D","Español","Monumental"
"LOS 4 FANTASTICOS",2025-09-16,"doblada","14:30","2D","Español","Monumental"
"HOMO ARGENTUM",2025-09-16,"doblada","15:20","2D","Español","Monumental"
"HOMO ARGENTUM",2025-09-16,"doblada","17:30","2D","Español","Monumental"
"HOMO ARGENTUM",2025-09-16,"doblada","19:40","2D","Español","Monumental"
"HOMO ARGENTUM",2025-09-16,"doblada","21:45","2D","Español","Monumental"
"TOY STORY 1995 ( RE ESTRENO )",2025-09-16,"doblada","17:20","2D","Español","Monumental"
"DEMON SLAYER CASTILLO INFINITO",2025-09-16,"doblada","14:15","2D","Español","Monumental"
"DEMON SLAYER CASTILLO INFINITO",2025-09-16,"subtitulada","17:20","2D","Subtitulado","Monumental"
"DEMON SLAYER CASTILLO INFINITO",2025-09-16,"doblada","19:00","2D","Español","Monumental"
"DEMON SLAYER CASTILLO INFINITO",2025-09-16,"subtitulada","20:30","2D","Subtitulado","Monumental"
"200 % LOBO",2025-09-16,"doblada","16:50","2D","Español","Monumental"
"OTRO VIERNES DE LOCOS",2025-09-16,"doblada","18:30","2D","Español","Monumental"
"EL CONJURO 4 : ULTIMOS RITOS",2025-09-16,"doblada","15:00","2D","Español","Monumental"
"EL CONJURO 4 : ULTIMOS RITOS",2025-09-16,"doblada","17:50","2D","Español","Monumental"
"EL CONJURO 4 : ULTIMOS RITOS",2025-09-16,"doblada","19:10","2D","Español","Monumental"
"EL CONJURO 4 : ULTIMOS RITOS",2025-09-16,"doblada","20:40","2D","Español","Monumental"
"EL CONJURO 4 : ULTIMOS RITOS",2025-09-16,"doblada","22:05","2D","Español","Monumental"
"LA MUJER DE LA FILA",2025-09-16,"doblada","21:00","2D","Español","Monumental"
"TOGETHER : JUNTOS HASTA LA MUERTE",2025-09-16,"doblada","22:00","2D","Español","Monumental"
"MASCOTAS AL RESCATE",2025-09-17,"doblada","15:15","2D","Español","Monumental"
"LOS TIPOS MALOS 2",2025-09-17,"doblada","16:00","2D","Español","Monumental"
"LOS 4 FANTASTICOS",2025-09-17,"doblada","14:30","2D","Español","Monumental"
"HOMO ARGENTUM",2025-09-17,"doblada","15:20","2D","Español","Monumental"
"HOMO ARGENTUM",2025-09-17,"doblada","17:30","2D","Español","Monumental"
"HOMO ARGENTUM",2025-09-17,"doblada","19:40","2D","Español","Monumental"
"HOMO ARGENTUM",2025-09-17,"doblada","21:45","2D","Español","Monumental"
"TOY STORY 1995 ( RE ESTRENO )",2025-09-17,"doblada","17:20","2D","Español","Monumental"
"DEMON SLAYER CASTILLO INFINITO",2025-09-17,"doblada","14:15","2D","Español","Monumental"
"DEMON SLAYER CASTILLO INFINITO",2025-09-17,"subtitulada","17:20","2D","Subtitulado","Monumental"
"DEMON SLAYER CASTILLO INFINITO",2025-09-17,"doblada","19:00","2D","Español","Monumental"
"DEMON SLAYER CASTILLO INFINITO",2025-09-17,"subtitulada","20:30","2D","Subtitulado","Monumental"
"200 % LOBO",2025-09-17,"doblada","16:50","2D","Español","Monumental"
"OTRO VIERNES DE LOCOS",2025-09-17,"doblada","18:30","2D","Español","Monumental"
"EL CONJURO 4 : ULTIMOS RITOS",2025-09-17,"doblada","15:00","2D","Español","Monumental"
"EL CONJURO 4 : ULTIMOS RITOS",2025-09-17,"doblada","17:50","2D","Español","Monumental"
"EL CONJURO 4 : ULTIMOS RITOS",2025-09-17,"doblada","19:10","2D","Español","Monumental"
"EL CONJURO 4 : ULTIMOS RITOS",2025-09-17,"doblada","20:40","2D","Español","Monumental"
"EL CONJURO 4 : ULTIMOS RITOS",2025-09-17,"doblada","22:05","2D","Español","Monumental"
"LA MUJER DE LA FILA",2025-09-17,"doblada","21:00","2D","Español","Monumental"
"TOGETHER : JUNTOS HASTA LA MUERTE",2025-09-17,"doblada","22:00","2D","Español","Monumental"
"David Gilmour live at the Circus Maximus, Rome",2025-09-17,"2D-Subtitulado","19:30","2D","Subtitulado","Showcase"
"David Gilmour live at the Circus Maximus, Rome",2025-09-21,"2D-Subtitulado","19:30","2D","Subtitulado","Showcase"
"Una velada con Dua Lipa",2025-09-18,"2D-Subtitulado","21:00","2D","Subtitulado","Showcase"
"Una velada con Dua Lipa",2025-09-19,"2D-Subtitulado","21:00","2D","Subtitulado","Showcase"
"La Novicia Rebelde 60° aniversario",2025-09-20,"2D-Subtitulado","16:25","2D","Subtitulado","Showcase"
"La Novicia Rebelde 60° aniversario",2025-09-23,"2D-Subtitulado","19:00","2D","Subtitulado","Showcase"
"BTS 2016 Live The Most Beautiful Moment: Epilogue",2025-09-24,"2D-Subtitulado","18:00","2D","Subtitulado","Showcase"
"BTS 2016 Live The Most Beautiful Moment: Epilogue",2025-09-28,"2D-Subtitulado","14:30","2D","Subtitulado","Showcase"
"BTS 2017 THE WINGS TOUR THE FINAL Remastered",2025-09-25,"2D-Subtitulado","18:00","2D","Subtitulado","Showcase"
"BTS 2017 THE WINGS TOUR THE FINAL Remastered",2025-09-28,"2D-Subtitulado","16:50","2D","Subtitulado","Showcase"
"BTS 2019 ‘LOVE YOURSELF: SPEAK YOURSELF’ LONDON",2025-10-09,"2D-Subtitulado","18:00","2D","Subtitulado","Showcase"
"BTS 2019 ‘LOVE YOURSELF: SPEAK YOURSELF’ LONDON",2025-10-12,"2D-Subtitulado","14:30","2D","Subtitulado","Showcase"
"BTS 2021 MUSTER SOWOOZOO Remastered",2025-10-10,"2D-Subtitulado","18:00","2D","Subtitulado","Showcase"
"BTS 2021 MUSTER SOWOOZOO Remastered",2025-10-12,"2D-Subtitulado","17:00","2D","Subtitulado","Showcase"
"Mitski: The Land",2025-10-22,"2D-Subtitulado","20:00","2D","Subtitulado","Showcase"
"ParaNorman (Remastered)",2025-10-23,"2D-Doblada","19:15","2D","Doblada","Showcase"
"ParaNorman (Remastered)",2025-10-25,"2D-Doblada","16:50","2D","Doblada","Showcase"
"ParaNorman (Remastered)",2025-10-26,"2D-Doblada","16:50","2D","Doblada","Showcase"
"Demon Slayer: Kimetsu no Yaiba Castillo Infinito",2025-09-14,"2D-Subtitulado","19:20","2D","Subtitulado","Showcase"
"Demon Slayer: Kimetsu no Yaiba Castillo Infinito",2025-09-14,"2D-Subtitulado","22:10","2D","Subtitulado","Showcase"
"Demon Slayer: Kimetsu no Yaiba Castillo Infinito",2025-09-14,"2D-Subtitulado","22:30","2D","Subtitulado","Showcase"
"Demon Slayer: Kimetsu no Yaiba Castillo Infinito",2025-09-14,"2D-Doblada","19:15","2D","Doblada","Showcase"
"Demon Slayer: Kimetsu no Yaiba Castillo Infinito",2025-09-14,"2D-Doblada","21:50","2D","Doblada","Showcase"
"Demon Slayer: Kimetsu no Yaiba Castillo Infinito",2025-09-15,"2D-Subtitulado","15:30","2D","Subtitulado","Showcase"
"Demon Slayer: Kimetsu no Yaiba Castillo Infinito",2025-09-15,"2D-Subtitulado","16:10","2D","Subtitulado","Showcase"
"Demon Slayer: Kimetsu no Yaiba Castillo Infinito",2025-09-15,"2D-Subtitulado","19:00","2D","Subtitulado","Showcase"
"Demon Slayer: Kimetsu no Yaiba Castillo Infinito",2025-09-15,"2D-Subtitulado","19:20","2D","Subtitulado","Showcase"
"Demon Slayer: Kimetsu no Yaiba Castillo Infinito",2025-09-15,"2D-Subtitulado","22:10","2D","Subtitulado","Showcase"
"Demon Slayer: Kimetsu no Yaiba Castillo Infinito",2025-09-15,"2D-Subtitulado","22:30","2D","Subtitulado","Showcase"
"Demon Slayer: Kimetsu no Yaiba Castillo Infinito",2025-09-15,"2D-Doblada","14:00","2D","Doblada","Showcase"
"Demon Slayer: Kimetsu no Yaiba Castillo Infinito",2025-09-15,"2D-Doblada","17:00","2D","Doblada","Showcase"
"Demon Slayer: Kimetsu no Yaiba Castillo Infinito",2025-09-15,"2D-Doblada","21:50","2D","Doblada","Showcase"
"Demon Slayer: Kimetsu no Yaiba Castillo Infinito",2025-09-16,"2D-Subtitulado","15:30","2D","Subtitulado","Showcase"
"Demon Slayer: Kimetsu no Yaiba Castillo Infinito",2025-09-16,"2D-Subtitulado","16:10","2D","Subtitulado","Showcase"
"Demon Slayer: Kimetsu no Yaiba Castillo Infinito",2025-09-16,"2D-Subtitulado","19:00","2D","Subtitulado","Showcase"
"Demon Slayer: Kimetsu no Yaiba Castillo Infinito",2025-09-16,"2D-Subtitulado","19:20","2D","Subtitulado","Showcase"
"Demon Slayer: Kimetsu no Yaiba Castillo Infinito",2025-09-16,"2D-Subtitulado","22:10","2D","Subtitulado","Showcase"
"Demon Slayer: Kimetsu no Yaiba Castillo Infinito",2025-09-16,"2D-Subtitulado","22:30","2D","Subtitulado","Showcase"
"Demon Slayer: Kimetsu no Yaiba Castillo Infinito",2025-09-16,"2D-Doblada","14:00","2D","Doblada","Showcase"
"Demon Slayer: Kimetsu no Yaiba Castillo Infinito",2025-09-16,"2D-Doblada","17:00","2D","Doblada","Showcase"
"Demon Slayer: Kimetsu no Yaiba Castillo Infinito",2025-09-16,"2D-Doblada","21:50","2D","Doblada","Showcase"
"Demon Slayer: Kimetsu no Yaiba Castillo Infinito",2025-09-17,"2D-Subtitulado","15:30","2D","Subtitulado","Showcase"
"Demon Slayer: Kimetsu no Yaiba Castillo Infinito",2025-09-17,"2D-Subtitulado","16:10","2D","Subtitulado","Showcase"
"Demon Slayer: Kimetsu no Yaiba Castillo Infinito",2025-09-17,"2D-Subtitulado","19:00","2D","Subtitulado","Showcase"
"Demon Slayer: Kimetsu no Yaiba Castillo Infinito",2025-09-17,"2D-Subtitulado","19:20","2D","Subtitulado","Showcase"
"Demon Slayer: Kimetsu no Yaiba Castillo Infinito",2025-09-17,"2D-Subtitulado","22:10","2D","Subtitulado","Showcase"
"Demon Slayer: Kimetsu no Yaiba Castillo Infinito",2025-09-17,"2D-Subtitulado","22:30","2D","Subtitulado","Showcase"
"Demon Slayer: Kimetsu no Yaiba Castillo Infinito",2025-09-17,"2D-Doblada","14:00","2D","Doblada","Showcase"
"Demon Slayer: Kimetsu no Yaiba Castillo Infinito",2025-09-17,"2D-Doblada","17:00","2D","Doblada","Showcase"
"Demon Slayer: Kimetsu no Yaiba Castillo Infinito",2025-09-17,"2D-Doblada","21:50","2D","Doblada","Showcase"
"Together: juntos hasta la muerte",2025-09-14,"2D-Subtitulado","20:20","2D","Subtitulado","Showcase"
"Together: juntos hasta la muerte",2025-09-14,"2D-Doblada","22:40","2D","Doblada","Showcase"
"Together: juntos hasta la muerte",2025-09-15,"2D-Subtitulado","20:20","2D","Subtitulado","Showcase"
"Together: juntos hasta la muerte",2025-09-15,"2D-Doblada","14:05","2D","Doblada","Showcase"
"Together: juntos hasta la muerte",2025-09-15,"2D-Doblada","16:35","2D","Doblada","Showcase"
"Together: juntos hasta la muerte",2025-09-15,"2D-Doblada","22:40","2D","Doblada","Showcase"
"Together: juntos hasta la muerte",2025-09-16,"2D-Subtitulado","20:20","2D","Subtitulado","Showcase"
"Together: juntos hasta la muerte",2025-09-16,"2D-Doblada","14:05","2D","Doblada","Showcase"
"Together: juntos hasta la muerte",2025-09-16,"2D-Doblada","16:35","2D","Doblada","Showcase"
"Together: juntos hasta la muerte",2025-09-16,"2D-Doblada","22:40","2D","Doblada","Showcase"
"Together: juntos hasta la muerte",2025-09-17,"2D-Subtitulado","20:20","2D","Subtitulado","Showcase"
"Together: juntos hasta la muerte",2025-09-17,"2D-Doblada","14:05","2D","Doblada","Showcase"
"Together: juntos hasta la muerte",2025-09-17,"2D-Doblada","16:35","2D","Doblada","Showcase"
"Together: juntos hasta la muerte",2025-09-17,"2D-Doblada","22:40","2D","Doblada","Showcase"
"200% lobo",2025-09-15,"2D-Doblada","13:50","2D","Doblada","Showcase"
"200% lobo",2025-09-15,"2D-Doblada","16:05","2D","Doblada","Showcase"
"200% lobo",2025-09-16,"2D-Doblada","13:50","2D","Doblada","Showcase"
"200% lobo",2025-09-16,"2D-Doblada","16:05","2D","Doblada","Showcase"
"200% lobo",2025-09-17,"2D-Doblada","13:50","2D","Doblada","Showcase"
"200% lobo",2025-09-17,"2D-Doblada","16:05","2D","Doblada","Showcase"
"La mujer de la fila",2025-09-14,"2D-Castellano","19:40","2D","Castellano","Showcase"
"La mujer de la fila",2025-09-15,"2D-Castellano","19:40","2D","Castellano","Showcase"
"La mujer de la fila",2025-09-16,"2D-Castellano","19:40","2D","Castellano","Showcase"
"La mujer de la fila",2025-09-17,"2D-Castellano","19:40","2D","Castellano","Showcase"
"El conjuro 4: últimos ritos",2025-09-14,"2D-Subtitulado","19:25","2D","Subtitulado","Showcase"
"El conjuro 4: últimos ritos",2025-09-14,"2D-Subtitulado","21:40","2D","Subtitulado","Showcase"
"El conjuro 4: últimos ritos",2025-09-14,"2D-Subtitulado","22:20","2D","Subtitulado","Showcase"
"El conjuro 4: últimos ritos",2025-09-14,"2D-Doblada","19:45","2D","Doblada","Showcase"
"El conjuro 4: últimos ritos",2025-09-14,"2D-Doblada","21:20","2D","Doblada","Showcase"
"El conjuro 4: últimos ritos",2025-09-14,"2D-Doblada","22:00","2D","Doblada","Showcase"
"El conjuro 4: últimos ritos",2025-09-14,"2D-Doblada","22:40","2D","Doblada","Showcase"
"El conjuro 4: últimos ritos",2025-09-15,"2D-Subtitulado","13:40","2D","Subtitulado","Showcase"
"El conjuro 4: últimos ritos",2025-09-15,"2D-Subtitulado","15:40","2D","Subtitulado","Showcase"
"El conjuro 4: últimos ritos",2025-09-15,"2D-Subtitulado","16:30","2D","Subtitulado","Showcase"
"El conjuro 4: últimos ritos",2025-09-15,"2D-Subtitulado","18:45","2D","Subtitulado","Showcase"
"El conjuro 4: últimos ritos",2025-09-15,"2D-Subtitulado","19:25","2D","Subtitulado","Showcase"
"El conjuro 4: últimos ritos",2025-09-15,"2D-Subtitulado","21:40","2D","Subtitulado","Showcase"
"El conjuro 4: últimos ritos",2025-09-15,"2D-Subtitulado","22:20","2D","Subtitulado","Showcase"
"El conjuro 4: últimos ritos",2025-09-15,"2D-Doblada","14:00","2D","Doblada","Showcase"
"El conjuro 4: últimos ritos",2025-09-15,"2D-Doblada","16:00","2D","Doblada","Showcase"
"El conjuro 4: últimos ritos",2025-09-15,"2D-Doblada","16:50","2D","Doblada","Showcase"
"El conjuro 4: últimos ritos",2025-09-15,"2D-Doblada","18:25","2D","Doblada","Showcase"
"El conjuro 4: últimos ritos",2025-09-15,"2D-Doblada","19:05","2D","Doblada","Showcase"
"El conjuro 4: últimos ritos",2025-09-15,"2D-Doblada","19:45","2D","Doblada","Showcase"
"El conjuro 4: últimos ritos",2025-09-15,"2D-Doblada","21:20","2D","Doblada","Showcase"
"El conjuro 4: últimos ritos",2025-09-15,"2D-Doblada","22:00","2D","Doblada","Showcase"
"El conjuro 4: últimos ritos",2025-09-15,"2D-Doblada","22:40","2D","Doblada","Showcase"
"El conjuro 4: últimos ritos",2025-09-16,"2D-Subtitulado","13:40","2D","Subtitulado","Showcase"
"El conjuro 4: últimos ritos",2025-09-16,"2D-Subtitulado","15:40","2D","Subtitulado","Showcase"
"El conjuro 4: últimos ritos",2025-09-16,"2D-Subtitulado","16:30","2D","Subtitulado","Showcase"
"El conjuro 4: últimos ritos",2025-09-16,"2D-Subtitulado","18:45","2D","Subtitulado","Showcase"
"El conjuro 4: últimos ritos",2025-09-16,"2D-Subtitulado","19:25","2D","Subtitulado","Showcase"
"El conjuro 4: últimos ritos",2025-09-16,"2D-Subtitulado","21:40","2D","Subtitulado","Showcase"
"El conjuro 4: últimos ritos",2025-09-16,"2D-Subtitulado","22:20","2D","Subtitulado","Showcase"
"El conjuro 4: últimos ritos",2025-09-16,"2D-Doblada","14:00","2D","Doblada","Showcase"
"El conjuro 4: últimos ritos",2025-09-16,"2D-Doblada","16:00","2D","Doblada","Showcase"
"El conjuro 4: últimos ritos",2025-09-16,"2D-Doblada","16:50","2D","Doblada","Showcase"
"El conjuro 4: últimos ritos",2025-09-16,"2D-Doblada","18:25","2D","Doblada","Showcase"
"El conjuro 4: últimos ritos",2025-09-16,"2D-Doblada","19:05","2D","Doblada","Showcase"
"El conjuro 4: últimos ritos",2025-09-16,"2D-Doblada","19:45","2D","Doblada","Showcase"
"El conjuro 4: últimos ritos",2025-09-16,"2D-Doblada","21:20","2D","Doblada","Showcase"
"El conjuro 4: últimos ritos",2025-09-16,"2D-Doblada","22:00","2D","Doblada","Showcase"
"El conjuro 4: últimos ritos",2025-09-16,"2D-Doblada","22:40","2D","Doblada","Showcase"
"El conjuro 4: últimos ritos",2025-09-17,"2D-Subtitulado","13:40","2D","Subtitulado","Showcase"
"El conjuro 4: últimos ritos",2025-09-17,"2D-Subtitulado","15:40","2D","Subtitulado","Showcase"
"El conjuro 4: últimos ritos",2025-09-17,"2D-Subtitulado","16:30","2D","Subtitulado","Showcase"
"El conjuro 4: últimos ritos",2025-09-17,"2D-Subtitulado","18:45","2D","Subtitulado","Showcase"
"El conjuro 4: últimos ritos",2025-09-17,"2D-Subtitulado","19:25","2D","Subtitulado","Showcase"
"El conjuro 4: últimos ritos",2025-09-17,"2D-Subtitulado","21:40","2D","Subtitulado","Showcase"
"El conjuro 4: últimos ritos",2025-09-17,"2D-Subtitulado","22:20","2D","Subtitulado","Showcase"
"El conjuro 4: últimos ritos",2025-09-17,"2D-Doblada","14:00","2D","Doblada","Showcase"
"El conjuro 4: últimos ritos",2025-09-17,"2D-Doblada","16:00","2D","Doblada","Showcase"
"El conjuro 4: últimos ritos",2025-09-17,"2D-Doblada","16:50","2D","Doblada","Showcase"
"El conjuro 4: últimos ritos",2025-09-17,"2D-Doblada","18:25","2D","Doblada","Showcase"
"El conjuro 4: últimos ritos",2025-09-17,"2D-Doblada","19:05","2D","Doblada","Showcase"
"El conjuro 4: últimos ritos",2025-09-17,"2D-Doblada","19:45","2D","Doblada","Showcase"
"El conjuro 4: últimos ritos",2025-09-17,"2D-Doblada","21:20","2D","Doblada","Showcase"
"El conjuro 4: últimos ritos",2025-09-17,"2D-Doblada","22:00","2D","Doblada","Showcase"
"El conjuro 4: últimos ritos",2025-09-17,"2D-Doblada","22:40","2D","Doblada","Showcase"
"Mascotas al rescate",2025-09-15,"2D-Doblada","14:45","2D","Doblada","Showcase"
"Mascotas al rescate",2025-09-16,"2D-Doblada","14:45","2D","Doblada","Showcase"
"Mascotas al rescate",2025-09-17,"2D-Doblada","14:45","2D","Doblada","Showcase"
"Homo Argentum",2025-09-14,"2D-Castellano","19:35","2D","Castellano","Showcase"
"Homo Argentum",2025-09-14,"2D-Castellano","20:15","2D","Castellano","Showcase"
"Homo Argentum",2025-09-14,"2D-Castellano","21:55","2D","Castellano","Showcase"
"Homo Argentum",2025-09-14,"2D-Castellano","22:15","2D","Castellano","Showcase"
"Homo Argentum",2025-09-14,"2D-Castellano","22:35","2D","Castellano","Showcase"
"Homo Argentum",2025-09-15,"2D-Castellano","14:50","2D","Castellano","Showcase"
"Homo Argentum",2025-09-15,"2D-Castellano","15:35","2D","Castellano","Showcase"
"Homo Argentum",2025-09-15,"2D-Castellano","17:10","2D","Castellano","Showcase"
"Homo Argentum",2025-09-15,"2D-Castellano","17:55","2D","Castellano","Showcase"
"Homo Argentum",2025-09-15,"2D-Castellano","19:00","2D","Castellano","Showcase"
"Homo Argentum",2025-09-15,"2D-Castellano","19:35","2D","Castellano","Showcase"
"Homo Argentum",2025-09-15,"2D-Castellano","20:15","2D","Castellano","Showcase"
"Homo Argentum",2025-09-15,"2D-Castellano","21:55","2D","Castellano","Showcase"
"Homo Argentum",2025-09-15,"2D-Castellano","22:15","2D","Castellano","Showcase"
"Homo Argentum",2025-09-15,"2D-Castellano","22:35","2D","Castellano","Showcase"
"Homo Argentum",2025-09-16,"2D-Castellano","14:50","2D","Castellano","Showcase"
"Homo Argentum",2025-09-16,"2D-Castellano","15:35","2D","Castellano","Showcase"
"Homo Argentum",2025-09-16,"2D-Castellano","17:10","2D","Castellano","Showcase"
"Homo Argentum",2025-09-16,"2D-Castellano","17:55","2D","Castellano","Showcase"
"Homo Argentum",2025-09-16,"2D-Castellano","19:00","2D","Castellano","Showcase"
"Homo Argentum",2025-09-16,"2D-Castellano","19:35","2D","Castellano","Showcase"
"Homo Argentum",2025-09-16,"2D-Castellano","20:15","2D","Castellano","Showcase"
"Homo Argentum",2025-09-16,"2D-Castellano","21:55","2D","Castellano","Showcase"
"Homo Argentum",2025-09-16,"2D-Castellano","22:15","2D","Castellano","Showcase"
"Homo Argentum",2025-09-16,"2D-Castellano","22:35","2D","Castellano","Showcase"
"Homo Argentum",2025-09-17,"2D-Castellano","14:50","2D","Castellano","Showcase"
"Homo Argentum",2025-09-17,"2D-Castellano","15:35","2D","Castellano","Showcase"
"Homo Argentum",2025-09-17,"2D-Castellano","17:10","2D","Castellano","Showcase"
"Homo Argentum",2025-09-17,"2D-Castellano","17:55","2D","Castellano","Showcase"
"Homo Argentum",2025-09-17,"2D-Castellano","19:00","2D","Castellano","Showcase"
"Homo Argentum",2025-09-17,"2D-Castellano","19:35","2D","Castellano","Showcase"
"Homo Argentum",2025-09-17,"2D-Castellano","20:15","2D","Castellano","Showcase"
"Homo Argentum",2025-09-17,"2D-Castellano","21:55","2D","Castellano","Showcase"
"Homo Argentum",2025-09-17,"2D-Castellano","22:15","2D","Castellano","Showcase"
"Homo Argentum",2025-09-17,"2D-Castellano","22:35","2D","Castellano","Showcase"
"La hora de la desaparición",2025-09-14,"2D-Subtitulado","22:05","2D","Subtitulado","Showcase"
"La hora de la desaparición",2025-09-15,"2D-Subtitulado","22:05","2D","Subtitulado","Showcase"
"La hora de la desaparición",2025-09-16,"2D-Subtitulado","22:05","2D","Subtitulado","Showcase"
"La hora de la desaparición",2025-09-17,"2D-Subtitulado","22:05","2D","Subtitulado","Showcase"
"Otro viernes de locos",2025-09-14,"2D-Doblada","19:30","2D","Doblada","Showcase"
"Otro viernes de locos",2025-09-14,"2D-Doblada","22:25","2D","Doblada","Showcase"
"Otro viernes de locos",2025-09-15,"2D-Doblada","14:25","2D","Doblada","Showcase"
"Otro viernes de locos",2025-09-15,"2D-Doblada","16:55","2D","Doblada","Showcase"
"Otro viernes de locos",2025-09-15,"2D-Doblada","19:30","2D","Doblada","Showcase"
"Otro viernes de locos",2025-09-15,"2D-Doblada","22:25","2D","Doblada","Showcase"
"Otro viernes de locos",2025-09-16,"2D-Doblada","14:25","2D","Doblada","Showcase"
"Otro viernes de locos",2025-09-16,"2D-Doblada","16:55","2D","Doblada","Showcase"
"Otro viernes de locos",2025-09-16,"2D-Doblada","19:30","2D","Doblada","Showcase"
"Otro viernes de locos",2025-09-16,"2D-Doblada","22:25","2D","Doblada","Showcase"
"Otro viernes de locos",2025-09-17,"2D-Doblada","14:25","2D","Doblada","Showcase"
"Otro viernes de locos",2025-09-17,"2D-Doblada","16:55","2D","Doblada","Showcase"
"Otro viernes de locos",2025-09-17,"2D-Doblada","22:25","2D","Doblada","Showcase"
"Los Cuatro Fantásticos: primeros pasos",2025-09-15,"2D-Doblada","17:05","2D","Doblada","Showcase"
"Los Cuatro Fantásticos: primeros pasos",2025-09-16,"2D-Doblada","17:05","2D","Doblada","Showcase"
"Los Cuatro Fantásticos: primeros pasos",2025-09-17,"2D-Doblada","17:05","2D","Doblada","Showcase"
"Los Tipos Malos 2",2025-09-15,"2D-Doblada","14:40","2D","Doblada","Showcase"
"Los Tipos Malos 2",2025-09-16,"2D-Doblada","14:40","2D","Doblada","Showcase"
"Los Tipos Malos 2",2025-09-17,"2D-Doblada","14:40","2D","Doblada","Showcase"
"Toy Story 30 aniversario",2025-09-15,"2D-Doblada","14:10","2D","Doblada","Showcase"
"Toy Story 30 aniversario",2025-09-15,"2D-Doblada","17:15","2D","Doblada","Showcase"
"Toy Story 30 aniversario",2025-09-15,"2D-Doblada","19:15","2D","Doblada","Showcase"
"Toy Story 30 aniversario",2025-09-16,"2D-Doblada","14:10","2D","Doblada","Showcase"
"Toy Story 30 aniversario",2025-09-16,"2D-Doblada","17:15","2D","Doblada","Showcase"
"Toy Story 30 aniversario",2025-09-16,"2D-Doblada","19:15","2D","Doblada","Showcase"
"Toy Story 30 aniversario",2025-09-17,"2D-Doblada","14:10","2D","Doblada","Showcase"
"Toy Story 30 aniversario",2025-09-17,"2D-Doblada","17:15","2D","Doblada","Showcase"
"Toy Story 30 aniversario",2025-09-17,"2D-Doblada","19:15","2D","Doblada","Showcase"
"Homo argentum",2025-09-15,"2D","21:10","2D","Español","Las Tipas"
"Homo argentum",2025-09-15,"2D","21:50","2D","Español","Las Tipas"
"Demon Slayer: Castillo Infinito",2025-09-15,"4D SUB","22:10","4D","Subtitulado","Las Tipas"
"Verano Trippin",2025-09-15,"2D","21:40","2D","Español","Las Tipas"
"Together: Juntos hasta la muerte",2025-09-15,"2D","22:20","2D","Español","Las Tipas"
"Otro viernes de locos",2025-09-15,"2D","20:00","2D","Español","Las Tipas"
"El Conjuro: Los Ultimos Ritos",2025-09-15,"4D","22:00","4D","Español","Las Tipas"
"El Conjuro: Los Ultimos Ritos",2025-09-15,"4D SUB","22:30","4D","Subtitulado","Las Tipas"
"El Conjuro: Los Ultimos Ritos 2D",2025-09-15,"2D","21:00","2D","Español","Las Tipas"
"Los 4 Fantásticos: Primeros pasos",2025-09-16,"3D","19:20","3D","Español","Las Tipas"
"Los tipos malos 2",2025-09-16,"3D","15:20","3D","Español","Las Tipas"
"Homo argentum",2025-09-16,"2D","14:00","2D","Español","Las Tipas"
"Homo argentum",2025-09-16,"2D","16:30","2D","Español","Las Tipas"
"Homo argentum",2025-09-16,"2D","18:50","2D","Español","Las Tipas"
"Homo argentum",2025-09-16,"2D","19:30","2D","Español","Las Tipas"
"Homo argentum",2025-09-16,"2D","21:10","2D","Español","Las Tipas"
"Homo argentum",2025-09-16,"2D","21:50","2D","Español","Las Tipas"
"Demon Slayer: Castillo Infinito",2025-09-16,"4D","16:00","4D","Español","Las Tipas"
"Demon Slayer: Castillo Infinito",2025-09-16,"4D SUB","19:10","4D","Subtitulado","Las Tipas"
"Demon Slayer: Castillo Infinito",2025-09-16,"4D SUB","22:10","4D","Subtitulado","Las Tipas"
"Toy Story (RE)",2025-09-16,"2D","15:10","2D","Español","Las Tipas"
"Toy Story (RE)",2025-09-16,"2D","17:10","2D","Español","Las Tipas"
"Toy Story (RE)",2025-09-16,"4D","14:40","4D","Español","Las Tipas"
"Verano Trippin",2025-09-16,"2D","21:40","2D","Español","Las Tipas"
"Together: Juntos hasta la muerte",2025-09-16,"2D SUB","22:20","2D","Subtitulado","Las Tipas"
"200% Lobo",2025-09-16,"2D","15:10","2D","Español","Las Tipas"
"200% Lobo",2025-09-16,"2D","17:20","2D","Español","Las Tipas"
"Demon Slayer: Castillo Infinito",2025-09-16,"2D SUB","15:00","2D","Subtitulado","Las Tipas"
"Otro viernes de locos",2025-09-16,"2D","17:40","2D","Español","Las Tipas"
"Otro viernes de locos",2025-09-16,"2D","20:00","2D","Español","Las Tipas"
"El Conjuro: Los Ultimos Ritos",2025-09-16,"4D","13:40","4D","Español","Las Tipas"
"El Conjuro: Los Ultimos Ritos",2025-09-16,"4D","16:20","4D","Español","Las Tipas"
"El Conjuro: Los Ultimos Ritos",2025-09-16,"4D","16:50","4D","Español","Las Tipas"
"El Conjuro: Los Ultimos Ritos",2025-09-16,"4D","19:10","4D","Español","Las Tipas"
"El Conjuro: Los Ultimos Ritos",2025-09-16,"4D","19:40","4D","Español","Las Tipas"
"El Conjuro: Los Ultimos Ritos",2025-09-16,"4D","22:00","4D","Español","Las Tipas"
"El Conjuro: Los Ultimos Ritos",2025-09-16,"4D SUB","22:30","4D","Subtitulado","Las Tipas"
"El Conjuro: Los Ultimos Ritos 2D",2025-09-16,"2D","18:10","2D","Español","Las Tipas"
"El Conjuro: Los Ultimos Ritos 2D",2025-09-16,"2D","21:00","2D","Español","Las Tipas"
"Los 4 Fantásticos: Primeros pasos",2025-09-17,"3D","19:20","3D","Español","Las Tipas"
"Los tipos malos 2",2025-09-17,"3D","15:20","3D","Español","Las Tipas"
"Homo argentum",2025-09-17,"2D","14:00","2D","Español","Las Tipas"
"Homo argentum",2025-09-17,"2D","16:30","2D","Español","Las Tipas"
"Homo argentum",2025-09-17,"2D","18:50","2D","Español","Las Tipas"
"Homo argentum",2025-09-17,"2D","19:30","2D","Español","Las Tipas"
"Homo argentum",2025-09-17,"2D","21:10","2D","Español","Las Tipas"
"Homo argentum",2025-09-17,"2D","21:50","2D","Español","Las Tipas"
"Demon Slayer: Castillo Infinito",2025-09-17,"4D","16:00","4D","Español","Las Tipas"
"Demon Slayer: Castillo Infinito",2025-09-17,"4D SUB","19:10","4D","Subtitulado","Las Tipas"
"Demon Slayer: Castillo Infinito",2025-09-17,"4D SUB","22:10","4D","Subtitulado","Las Tipas"
"Toy Story (RE)",2025-09-17,"2D","15:10","2D","Español","Las Tipas"
"Toy Story (RE)",2025-09-17,"2D","17:10","2D","Español","Las Tipas"
"Toy Story (RE)",2025-09-17,"4D","14:40","4D","Español","Las Tipas"
"Verano Trippin",2025-09-17,"2D","21:40","2D","Español","Las Tipas"
"Together: Juntos hasta la muerte",2025-09-17,"2D","22:20","2D","Español","Las Tipas"
"200% Lobo",2025-09-17,"2D","15:10","2D","Español","Las Tipas"
"200% Lobo",2025-09-17,"2D","17:20","2D","Español","Las Tipas"
"Demon Slayer: Castillo Infinito",2025-09-17,"2D SUB","15:00","2D","Subtitulado","Las Tipas"
"Otro viernes de locos",2025-09-17,"2D","17:40","2D","Español","Las Tipas"
"Otro viernes de locos",2025-09-17,"2D","20:00","2D","Español","Las Tipas"
"El Conjuro: Los Ultimos Ritos",2025-09-17,"4D","13:40","4D","Español","Las Tipas"
"El Conjuro: Los Ultimos Ritos",2025-09-17,"4D","16:20","4D","Español","Las Tipas"
"El Conjuro: Los Ultimos Ritos",2025-09-17,"4D","16:50","4D","Español","Las Tipas"
"El Conjuro: Los Ultimos Ritos",2025-09-17,"4D","19:10","4D","Español","Las Tipas"
"El Conjuro: Los Ultimos Ritos",2025-09-17,"4D","19:40","4D","Español","Las Tipas"
"El Conjuro: Los Ultimos Ritos",2025-09-17,"4D","22:00","4D","Español","Las Tipas"
"El Conjuro: Los Ultimos Ritos",2025-09-17,"4D SUB","22:30","4D","Subtitulado","Las Tipas"
"El Conjuro: Los Ultimos Ritos 2D",2025-09-17,"2D","18:10","2D","Español","Las Tipas"
"El Conjuro: Los Ultimos Ritos 2D",2025-09-17,"2D","21:00","2D","Español","Las Tipas"
"Mascotas al rescate",2025-09-19,"2D","15:10","2D","Español","Las Tipas"
"F1",2025-09-19,"4D","19:30","4D","Español","Las Tipas"
"Los 4 Fantásticos: Primeros pasos",2025-09-19,"3D","21:40","3D","Español","Las Tipas"
"Los tipos malos 2",2025-09-19,"3D","15:20","3D","Español","Las Tipas"
"Belén",2025-09-19,"2D","17:00","2D","Español","Las Tipas"
"Belén",2025-09-19,"2D","19:10","2D","Español","Las Tipas"
"El gran viaje de tu vida",2025-09-19,"2D","20:00","2D","Español","Las Tipas"
"El gran viaje de tu vida",2025-09-19,"2D SUB","22:20","2D","Subtitulado","Las Tipas"
"Papá x Dos",2025-09-19,"2D","14:50","2D","Español","Las Tipas"
"Papá x Dos",2025-09-19,"2D","19:20","2D","Español","Las Tipas"
"Papá x Dos",2025-09-19,"2D","21:30","2D","Español","Las Tipas"
"Homo argentum",2025-09-19,"2D","14:00","2D","Español","Las Tipas"
"Homo argentum",2025-09-19,"2D","16:30","2D","Español","Las Tipas"
"Homo argentum",2025-09-19,"2D","18:50","2D","Español","Las Tipas"
"Homo argentum",2025-09-19,"2D","21:10","2D","Español","Las Tipas"
"Demon Slayer: Castillo Infinito",2025-09-19,"4D","16:00","4D","Español","Las Tipas"
"Demon Slayer: Castillo Infinito",2025-09-19,"4D SUB","19:00","4D","Subtitulado","Las Tipas"
"Demon Slayer: Castillo Infinito",2025-09-19,"4D","22:10","4D","Español","Las Tipas"
"Toy Story (RE)",2025-09-19,"2D","17:10","2D","Español","Las Tipas"
"Toy Story (RE)",2025-09-19,"4D","14:40","4D","Español","Las Tipas"
"Demon Slayer: Castillo Infinito",2025-09-19,"2D SUB","15:00","2D","Subtitulado","Las Tipas"
"Otro viernes de locos",2025-09-19,"2D","17:40","2D","Español","Las Tipas"
"El Conjuro: Los Ultimos Ritos",2025-09-19,"4D","13:40","4D","Español","Las Tipas"
"El Conjuro: Los Ultimos Ritos",2025-09-19,"4D","16:20","4D","Español","Las Tipas"
"El Conjuro: Los Ultimos Ritos",2025-09-19,"4D","16:50","4D","Español","Las Tipas"
"El Conjuro: Los Ultimos Ritos",2025-09-19,"4D","19:10","4D","Español","Las Tipas"
"El Conjuro: Los Ultimos Ritos",2025-09-19,"4D","22:00","4D","Español","Las Tipas"
"El Conjuro: Los Ultimos Ritos",2025-09-19,"4D SUB","22:30","4D","Subtitulado","Las Tipas"
"El Conjuro: Los Ultimos Ritos 2D",2025-09-19,"2D","18:10","2D","Español","Las Tipas"
"El Conjuro: Los Ultimos Ritos 2D",2025-09-19,"2D","21:00","2D","Español","Las Tipas"
"Mascotas al rescate",2025-09-20,"2D","15:10","2D","Español","Las Tipas"
"F1",2025-09-20,"4D","19:30","4D","Español","Las Tipas"
"Los 4 Fantásticos: Primeros pasos",2025-09-20,"3D SUB","21:40","3D","Subtitulado","Las Tipas"
"Los tipos malos 2",2025-09-20,"3D","15:20","3D","Español","Las Tipas"
"Belén",2025-09-20,"2D","17:00","2D","Español","Las Tipas"
"Belén",2025-09-20,"2D","19:10","2D","Español","Las Tipas"
"El gran viaje de tu vida",2025-09-20,"2D","20:00","2D","Español","Las Tipas"
"El gran viaje de tu vida",2025-09-20,"2D SUB","22:20","2D","Subtitulado","Las Tipas"
"Papá x Dos",2025-09-20,"2D","14:50","2D","Español","Las Tipas"
"Papá x Dos",2025-09-20,"2D","19:20","2D","Español","Las Tipas"
"Papá x Dos",2025-09-20,"2D","21:30","2D","Español","Las Tipas"
"Homo argentum",2025-09-20,"2D","14:00","2D","Español","Las Tipas"
"Homo argentum",2025-09-20,"2D","16:30","2D","Español","Las Tipas"
"Homo argentum",2025-09-20,"2D","18:50","2D","Español","Las Tipas"
"Homo argentum",2025-09-20,"2D","21:10","2D","Español","Las Tipas"
"Demon Slayer: Castillo Infinito",2025-09-20,"4D","13:00","4D","Español","Las Tipas"
"Demon Slayer: Castillo Infinito",2025-09-20,"4D","16:00","4D","Español","Las Tipas"
"Demon Slayer: Castillo Infinito",2025-09-20,"4D SUB","19:00","4D","Subtitulado","Las Tipas"
"Demon Slayer: Castillo Infinito",2025-09-20,"4D","22:10","4D","Español","Las Tipas"
"Toy Story (RE)",2025-09-20,"2D","17:10","2D","Español","Las Tipas"
"Toy Story (RE)",2025-09-20,"4D","14:40","4D","Español","Las Tipas"
"Demon Slayer: Castillo Infinito",2025-09-20,"2D SUB","15:00","2D","Subtitulado","Las Tipas"
"Otro viernes de locos",2025-09-20,"2D","17:40","2D","Español","Las Tipas"
"El Conjuro: Los Ultimos Ritos",2025-09-20,"4D","13:40","4D","Español","Las Tipas"
"El Conjuro: Los Ultimos Ritos",2025-09-20,"4D","16:20","4D","Español","Las Tipas"
"El Conjuro: Los Ultimos Ritos",2025-09-20,"4D","16:50","4D","Español","Las Tipas"
"El Conjuro: Los Ultimos Ritos",2025-09-20,"4D","19:10","4D","Español","Las Tipas"
"El Conjuro: Los Ultimos Ritos",2025-09-20,"4D","22:00","4D","Español","Las Tipas"
"El Conjuro: Los Ultimos Ritos",2025-09-20,"4D SUB","22:30","4D","Subtitulado","Las Tipas"
"El Conjuro: Los Ultimos Ritos 2D",2025-09-20,"2D","18:10","2D","Español","Las Tipas"
"El Conjuro: Los Ultimos Ritos 2D",2025-09-20,"2D","21:00","2D","Español","Las Tipas"
